Month,Category,SalesAmount
2015-01-01,Clothing,8958
2015-01-01,Electronics,11071
2015-01-01,Furniture,20819
2015-01-01,Groceries,13419
2015-02-01,Clothing,8169
2015-02-01,Electronics,11353
2015-02-01,Furniture,12261
2015-02-01,Groceries,23805
2015-03-01,Clothing,13703
2015-03-01,Electronics,15353
2015-03-01,Furniture,12607
2015-03-01,Groceries,30849
2015-04-01,Clothing,21587
2015-04-01,Electronics,23893
2015-04-01,Furniture,9801
2015-04-01,Groceries,4723
2015-05-01,Clothing,11788
2015-05-01,Electronics,20922
2015-05-01,Furniture,14746
2015-05-01,Groceries,15329
2015-06-01,Clothing,18905
2015-06-01,Electronics,7615
2015-06-01,Furniture,16571
2015-06-01,Groceries,6465
2015-07-01,Clothing,7865
2015-07-01,Electronics,14196
2015-07-01,Furniture,16622
2015-07-01,Groceries,3557
2015-08-01,Clothing,6124
2015-08-01,Electronics,18947
2015-08-01,Furniture,9395
2015-08-01,Groceries,11578
2015-09-01,Clothing,5061
2015-09-01,Electronics,12433
2015-09-01,Furniture,13122
2015-09-01,Groceries,8894
2015-10-01,Clothing,16626
2015-10-01,Electronics,10657
2015-10-01,Furniture,4713
2015-10-01,Groceries,13251
2015-11-01,Clothing,11796
2015-11-01,Electronics,14524
2015-11-01,Furniture,12379
2015-11-01,Groceries,10494
2015-12-01,Clothing,7829
2015-12-01,Electronics,19074
2015-12-01,Furniture,14425
2015-12-01,Groceries,14948
2016-01-01,Clothing,18972
2016-01-01,Electronics,6225
2016-01-01,Furniture,8477
2016-01-01,Groceries,20807
2016-02-01,Clothing,16841
2016-02-01,Electronics,14911
2016-02-01,Furniture,4363
2016-02-01,Groceries,14265
2016-03-01,Clothing,28704
2016-03-01,Electronics,14264
2016-03-01,Furniture,12321
2016-03-01,Groceries,15566
2016-04-01,Clothing,23599
2016-04-01,Electronics,15232
2016-04-01,Furniture,17620
2016-04-01,Groceries,7009
2016-05-01,Clothing,12021
2016-05-01,Electronics,14950
2016-05-01,Furniture,11399
2016-05-01,Groceries,12879
2016-06-01,Clothing,9938
2016-06-01,Electronics,12922
2016-06-01,Furniture,15635
2016-06-01,Groceries,12989
2016-07-01,Clothing,15682
2016-07-01,Electronics,12745
2016-07-01,Furniture,3954
2016-07-01,Groceries,12889
2016-08-01,Clothing,10370
2016-08-01,Electronics,8170
2016-08-01,Furniture,9502
2016-08-01,Groceries,9624
2016-09-01,Clothing,10421
2016-09-01,Electronics,10290
2016-09-01,Furniture,8872
2016-09-01,Groceries,7829
2016-10-01,Clothing,12747
2016-10-01,Electronics,7914
2016-10-01,Furniture,6675
2016-10-01,Groceries,8414
2016-11-01,Clothing,8662
2016-11-01,Electronics,8376
2016-11-01,Furniture,13969
2016-11-01,Groceries,9706
2016-12-01,Clothing,15950
2016-12-01,Electronics,19088
2016-12-01,Furniture,14412
2016-12-01,Groceries,5874
2017-01-01,Clothing,15727
2017-01-01,Electronics,11033
2017-01-01,Furniture,14736
2017-01-01,Groceries,20295
2017-02-01,Clothing,12296
2017-02-01,Electronics,7148
2017-02-01,Furniture,14673
2017-02-01,Groceries,17889
2017-03-01,Clothing,7354
2017-03-01,Electronics,19281
2017-03-01,Furniture,15493
2017-03-01,Groceries,21368
2017-04-01,Clothing,4414
2017-04-01,Electronics,22092
2017-04-01,Furniture,19851
2017-04-01,Groceries,16374
2017-05-01,Clothing,2451
2017-05-01,Electronics,22531
2017-05-01,Furniture,16945
2017-05-01,Groceries,4312
2017-06-01,Clothing,18924
2017-06-01,Electronics,11736
2017-06-01,Furniture,18005
2017-06-01,Groceries,7877
2017-07-01,Clothing,14069
2017-07-01,Electronics,10611
2017-07-01,Furniture,14783
2017-07-01,Groceries,11474
2017-08-01,Clothing,11513
2017-08-01,Electronics,10176
2017-08-01,Furniture,8131
2017-08-01,Groceries,8669
2017-09-01,Clothing,7508
2017-09-01,Electronics,13708
2017-09-01,Furniture,4926
2017-09-01,Groceries,7696
2017-10-01,Clothing,15012
2017-10-01,Electronics,10154
2017-10-01,Furniture,4197
2017-10-01,Groceries,5567
2017-11-01,Clothing,10844
2017-11-01,Electronics,7505
2017-11-01,Furniture,15636
2017-11-01,Groceries,9294
2017-12-01,Clothing,8327
2017-12-01,Electronics,15004
2017-12-01,Furniture,15788
2017-12-01,Groceries,7737
2018-01-01,Clothing,20990
2018-01-01,Electronics,13131
2018-01-01,Furniture,19117
2018-01-01,Groceries,6245
2018-02-01,Clothing,2306
2018-02-01,Electronics,14295
2018-02-01,Furniture,12848
2018-02-01,Groceries,10818
2018-03-01,Clothing,9642
2018-03-01,Electronics,17173
2018-03-01,Furniture,28078
2018-03-01,Groceries,8011
2018-04-01,Clothing,22174
2018-04-01,Electronics,17724
2018-04-01,Furniture,14428
2018-04-01,Groceries,12939
2018-05-01,Clothing,15372
2018-05-01,Electronics,9284
2018-05-01,Furniture,10617
2018-05-01,Groceries,24205
2018-06-01,Clothing,17134
2018-06-01,Electronics,12962
2018-06-01,Furniture,10987
2018-06-01,Groceries,12222
2018-07-01,Clothing,10737
2018-07-01,Electronics,10529
2018-07-01,Furniture,11684
2018-07-01,Groceries,8950
2018-08-01,Clothing,10570
2018-08-01,Electronics,6624
2018-08-01,Furniture,11492
2018-08-01,Groceries,15788
2018-09-01,Clothing,8308
2018-09-01,Electronics,11873
2018-09-01,Furniture,9457
2018-09-01,Groceries,6409
2018-10-01,Clothing,9772
2018-10-01,Electronics,9211
2018-10-01,Furniture,14323
2018-10-01,Groceries,11686
2018-11-01,Clothing,13420
2018-11-01,Electronics,13972
2018-11-01,Furniture,6821
2018-11-01,Groceries,10770
2018-12-01,Clothing,22722
2018-12-01,Electronics,5743
2018-12-01,Furniture,5162
2018-12-01,Groceries,16306
2019-01-01,Clothing,9108
2019-01-01,Electronics,16793
2019-01-01,Furniture,18103
2019-01-01,Groceries,13662
2019-02-01,Clothing,17243
2019-02-01,Electronics,12080
2019-02-01,Furniture,4659
2019-02-01,Groceries,18688
2019-03-01,Clothing,14396
2019-03-01,Electronics,12580
2019-03-01,Furniture,20583
2019-03-01,Groceries,13401
2019-04-01,Clothing,15516
2019-04-01,Electronics,11169
2019-04-01,Furniture,26479
2019-04-01,Groceries,8864
2019-05-01,Clothing,8756
2019-05-01,Electronics,11316
2019-05-01,Furniture,25060
2019-05-01,Groceries,13167
2019-06-01,Clothing,13506
2019-06-01,Electronics,10873
2019-06-01,Furniture,10087
2019-06-01,Groceries,9972
2019-07-01,Clothing,4814
2019-07-01,Electronics,8452
2019-07-01,Furniture,16086
2019-07-01,Groceries,13360
2019-08-01,Clothing,2620
2019-08-01,Electronics,12493
2019-08-01,Furniture,6367
2019-08-01,Groceries,10593
2019-09-01,Clothing,10633
2019-09-01,Electronics,15553
2019-09-01,Furniture,4800
2019-09-01,Groceries,3852
2019-10-01,Clothing,6613
2019-10-01,Electronics,12397
2019-10-01,Furniture,8084
2019-10-01,Groceries,13418
2019-11-01,Clothing,9412
2019-11-01,Electronics,13548
2019-11-01,Furniture,7011
2019-11-01,Groceries,9667
2019-12-01,Clothing,12519
2019-12-01,Electronics,9983
2019-12-01,Furniture,6395
2019-12-01,Groceries,15139
2020-01-01,Clothing,15882
2020-01-01,Electronics,29860
2020-01-01,Furniture,7474
2020-01-01,Groceries,11604
2020-02-01,Clothing,19979
2020-02-01,Electronics,6742
2020-02-01,Furniture,14248
2020-02-01,Groceries,23030
2020-03-01,Clothing,14400
2020-03-01,Electronics,14993
2020-03-01,Furniture,23722
2020-03-01,Groceries,10398
2020-04-01,Clothing,22852
2020-04-01,Electronics,19426
2020-04-01,Furniture,10643
2020-04-01,Groceries,9002
2020-05-01,Clothing,32882
2020-05-01,Electronics,8948
2020-05-01,Furniture,13004
2020-05-01,Groceries,6815
2020-06-01,Clothing,17513
2020-06-01,Electronics,7888
2020-06-01,Furniture,12948
2020-06-01,Groceries,12112
2020-07-01,Clothing,12628
2020-07-01,Electronics,12709
2020-07-01,Furniture,12645
2020-07-01,Groceries,10225
2020-08-01,Clothing,4911
2020-08-01,Electronics,10036
2020-08-01,Furniture,12716
2020-08-01,Groceries,7432
2020-09-01,Clothing,8772
2020-09-01,Electronics,2847
2020-09-01,Furniture,14817
2020-09-01,Groceries,8565
2020-10-01,Clothing,9994
2020-10-01,Electronics,8998
2020-10-01,Furniture,11005
2020-10-01,Groceries,11837
2020-11-01,Clothing,13115
2020-11-01,Electronics,5897
2020-11-01,Furniture,10874
2020-11-01,Groceries,9575
2020-12-01,Clothing,18968
2020-12-01,Electronics,12625
2020-12-01,Furniture,10355
2020-12-01,Groceries,16511
2021-01-01,Clothing,19171
2021-01-01,Electronics,14264
2021-01-01,Furniture,9147
2021-01-01,Groceries,13175
2021-02-01,Clothing,14447
2021-02-01,Electronics,13283
2021-02-01,Furniture,7716
2021-02-01,Groceries,22428
2021-03-01,Clothing,25741
2021-03-01,Electronics,9056
2021-03-01,Furniture,7406
2021-03-01,Groceries,17087
2021-04-01,Clothing,7812
2021-04-01,Electronics,23842
2021-04-01,Furniture,9491
2021-04-01,Groceries,22867
2021-05-01,Clothing,11638
2021-05-01,Electronics,18167
2021-05-01,Furniture,13094
2021-05-01,Groceries,14331
2021-06-01,Clothing,11422
2021-06-01,Electronics,17435
2021-06-01,Furniture,10015
2021-06-01,Groceries,10205
2021-07-01,Clothing,10364
2021-07-01,Electronics,7897
2021-07-01,Furniture,10107
2021-07-01,Groceries,18453
2021-08-01,Clothing,11518
2021-08-01,Electronics,8340
2021-08-01,Furniture,12750
2021-08-01,Groceries,10390
2021-09-01,Clothing,10335
2021-09-01,Electronics,5835
2021-09-01,Furniture,8882
2021-09-01,Groceries,7579
2021-10-01,Clothing,13388
2021-10-01,Electronics,12872
2021-10-01,Furniture,7952
2021-10-01,Groceries,6768
2021-11-01,Clothing,10570
2021-11-01,Electronics,8606
2021-11-01,Furniture,12540
2021-11-01,Groceries,9973
2021-12-01,Clothing,11348
2021-12-01,Electronics,8064
2021-12-01,Furniture,24127
2021-12-01,Groceries,7234
2022-01-01,Clothing,14066
2022-01-01,Electronics,15435
2022-01-01,Furniture,7564
2022-01-01,Groceries,18050
2022-02-01,Clothing,18634
2022-02-01,Electronics,10822
2022-02-01,Furniture,17679
2022-02-01,Groceries,9914
2022-03-01,Clothing,4672
2022-03-01,Electronics,17153
2022-03-01,Furniture,21258
2022-03-01,Groceries,27500
2022-04-01,Clothing,21941
2022-04-01,Electronics,14682
2022-04-01,Furniture,23294
2022-04-01,Groceries,3667
2022-05-01,Clothing,17570
2022-05-01,Electronics,11417
2022-05-01,Furniture,10987
2022-05-01,Groceries,15312
2022-06-01,Clothing,18834
2022-06-01,Electronics,8579
2022-06-01,Furniture,12025
2022-06-01,Groceries,5767
2022-07-01,Clothing,6911
2022-07-01,Electronics,16341
2022-07-01,Furniture,14051
2022-07-01,Groceries,11316
2022-08-01,Clothing,7470
2022-08-01,Electronics,12471
2022-08-01,Furniture,11708
2022-08-01,Groceries,3120
2022-09-01,Clothing,5687
2022-09-01,Electronics,12277
2022-09-01,Furniture,7899
2022-09-01,Groceries,6515
2022-10-01,Clothing,14389
2022-10-01,Electronics,9758
2022-10-01,Furniture,7248
2022-10-01,Groceries,6395
2022-11-01,Clothing,11788
2022-11-01,Electronics,10439
2022-11-01,Furniture,8133
2022-11-01,Groceries,9982
2022-12-01,Clothing,10189
2022-12-01,Electronics,10223
2022-12-01,Furniture,10810
2022-12-01,Groceries,16575
2023-01-01,Clothing,14967
2023-01-01,Electronics,17441
2023-01-01,Furniture,11398
2023-01-01,Groceries,10663
2023-02-01,Clothing,19116
2023-02-01,Electronics,10223
2023-02-01,Furniture,13205
2023-02-01,Groceries,10999
2023-03-01,Clothing,9327
2023-03-01,Electronics,23557
2023-03-01,Furniture,17072
2023-03-01,Groceries,12293
2023-04-01,Clothing,22328
2023-04-01,Electronics,16799
2023-04-01,Furniture,12742
2023-04-01,Groceries,12693
2023-05-01,Clothing,11954
2023-05-01,Electronics,8631
2023-05-01,Furniture,20727
2023-05-01,Groceries,10056
2023-06-01,Clothing,5961
2023-06-01,Electronics,12937
2023-06-01,Furniture,15292
2023-06-01,Groceries,17407
2023-07-01,Clothing,13819
2023-07-01,Electronics,4448
2023-07-01,Furniture,10925
2023-07-01,Groceries,8093
2023-08-01,Clothing,8391
2023-08-01,Electronics,8647
2023-08-01,Furniture,12849
2023-08-01,Groceries,8284
2023-09-01,Clothing,3135
2023-09-01,Electronics,6431
2023-09-01,Furniture,6664
2023-09-01,Groceries,16958
2023-10-01,Clothing,22931
2023-10-01,Electronics,6239
2023-10-01,Furniture,6299
2023-10-01,Groceries,9505
2023-11-01,Clothing,8464
2023-11-01,Electronics,6737
2023-11-01,Furniture,25501
2023-11-01,Groceries,5800
2023-12-01,Clothing,5350
2023-12-01,Electronics,18977
2023-12-01,Furniture,7939
2023-12-01,Groceries,22383
2024-01-01,Clothing,12736
2024-01-01,Electronics,10133
2024-01-01,Furniture,4570
2024-01-01,Groceries,24461
2024-02-01,Clothing,6947
2024-02-01,Electronics,23300
2024-02-01,Furniture,11402
2024-02-01,Groceries,20817
2024-03-01,Clothing,22242
2024-03-01,Electronics,17986
2024-03-01,Furniture,24667
2024-03-01,Groceries,6920
2024-04-01,Clothing,11585
2024-04-01,Electronics,21050
2024-04-01,Furniture,11922
2024-04-01,Groceries,12181
2024-05-01,Clothing,17422
2024-05-01,Electronics,13764
2024-05-01,Furniture,6648
2024-05-01,Groceries,10911
2024-06-01,Clothing,9521
2024-06-01,Electronics,13027
2024-06-01,Furniture,12805
2024-06-01,Groceries,9540
2024-07-01,Clothing,10779
2024-07-01,Electronics,3719
2024-07-01,Furniture,9346
2024-07-01,Groceries,19853
2024-08-01,Clothing,1380
2024-08-01,Electronics,14389
2024-08-01,Furniture,19428
2024-08-01,Groceries,6775
2024-09-01,Clothing,17978
2024-09-01,Electronics,3110
2024-09-01,Furniture,7363
2024-09-01,Groceries,4635
2024-10-01,Clothing,9714
2024-10-01,Electronics,5317
2024-10-01,Furniture,11386
2024-10-01,Groceries,8071
2024-11-01,Clothing,13062
2024-11-01,Electronics,8271
2024-11-01,Furniture,15298
2024-11-01,Groceries,9666
2024-12-01,Clothing,13660
2024-12-01,Electronics,8686
2024-12-01,Furniture,15175
2024-12-01,Groceries,14976
